[{"customer_id":1,"customer_name":"U Myint Aung","total_purchases":7,"total_spent":"14079.88","average_purchase":"2011.411429","last_purchase_date":"2025-05-26 12:33:12"},{"customer_id":3,"customer_name":"Ko Zaw Min","total_purchases":4,"total_spent":"2599.96","average_purchase":"649.990000","last_purchase_date":"2025-05-24 17:45:26"},{"customer_id":7,"customer_name":"Ko Aung Naing","total_purchases":4,"total_spent":"2479.96","average_purchase":"619.990000","last_purchase_date":"2025-05-22 17:45:26"},{"customer_id":8,"customer_name":"Daw Moe Moe","total_purchases":2,"total_spent":"2399.98","average_purchase":"1199.990000","last_purchase_date":"2025-05-21 17:45:26"},{"customer_id":5,"customer_name":"Ko Ye Htut","total_purchases":4,"total_spent":"1859.94","average_purchase":"464.985000","last_purchase_date":"2025-05-23 17:45:26"},{"customer_id":10,"customer_name":"Ma Ei Ei","total_purchases":2,"total_spent":"899.98","average_purchase":"449.990000","last_purchase_date":"2025-05-19 17:45:26"},{"customer_id":9,"customer_name":"U Than Htun","total_purchases":4,"total_spent":"679.92","average_purchase":"169.980000","last_purchase_date":"2025-05-20 17:45:26"},{"customer_id":4,"customer_name":"Ma Thiri","total_purchases":2,"total_spent":"339.94","average_purchase":"169.970000","last_purchase_date":"2025-05-24 17:45:26"},{"customer_id":6,"customer_name":"Ma Hnin Thuzar","total_purchases":2,"total_spent":"239.96","average_purchase":"119.980000","last_purchase_date":"2025-05-23 17:45:26"},{"customer_id":2,"customer_name":"Daw Khin Ma Ma","total_purchases":2,"total_spent":"179.98","average_purchase":"89.990000","last_purchase_date":"2025-05-25 17:45:26"}]