[{"date":"2025-05-26","total_transactions":3,"total_revenue":"11399.94","average_sale":"3799.980000","unique_customers":1},{"date":"2025-05-25","total_transactions":4,"total_revenue":"2679.94","average_sale":"669.985000","unique_customers":2},{"date":"2025-05-24","total_transactions":4,"total_revenue":"1639.92","average_sale":"409.980000","unique_customers":2},{"date":"2025-05-23","total_transactions":4,"total_revenue":"1699.94","average_sale":"424.985000","unique_customers":2},{"date":"2025-05-22","total_transactions":2,"total_revenue":"79.98","average_sale":"39.990000","unique_customers":1},{"date":"2025-05-21","total_transactions":2,"total_revenue":"2399.98","average_sale":"1199.990000","unique_customers":1},{"date":"2025-05-20","total_transactions":2,"total_revenue":"519.94","average_sale":"259.970000","unique_customers":1},{"date":"2025-05-19","total_transactions":2,"total_revenue":"899.98","average_sale":"449.990000","unique_customers":1},{"date":"2025-05-16","total_transactions":2,"total_revenue":"179.98","average_sale":"89.990000","unique_customers":1},{"date":"2025-05-14","total_transactions":2,"total_revenue":"1299.98","average_sale":"649.990000","unique_customers":1},{"date":"2025-05-11","total_transactions":2,"total_revenue":"399.96","average_sale":"199.980000","unique_customers":1},{"date":"2025-05-08","total_transactions":2,"total_revenue":"2399.98","average_sale":"1199.990000","unique_customers":1},{"date":"2025-05-06","total_transactions":2,"total_revenue":"159.98","average_sale":"79.990000","unique_customers":1}]